{
  "licenses": [
    {
      "name": "",
      "id": 0,
      "url": ""
    }
  ],
  "info": {
    "contributor": "",
    "date_created": "",
    "description": "",
    "url": "",
    "version": "",
    "year": ""
  },
  "categories": [
    {
      "id": 1,
      "name": "tree",
      "supercategory": ""
    }
  ],
  "images": [
    {
      "id": 1,
      "width": 800,
      "height": 614,
      "file_name": "dataset1.jpg",
      "license": 0,
      "flickr_url": "",
      "coco_url": "",
      "date_captured": 0
    },
    {
      "id": 2,
      "width": 275,
      "height": 183,
      "file_name": "dataset2.jpg",
      "license": 0,
      "flickr_url": "",
      "coco_url": "",
      "date_captured": 0
    },
    {
      "id": 3,
      "width": 181,
      "height": 278,
      "file_name": "dataset3.jpg",
      "license": 0,
      "flickr_url": "",
      "coco_url": "",
      "date_captured": 0
    },
    {
      "id": 4,
      "width": 275,
      "height": 183,
      "file_name": "dataset4.jpg",
      "license": 0,
      "flickr_url": "",
      "coco_url": "",
      "date_captured": 0
    },
    {
      "id": 5,
      "width": 183,
      "height": 275,
      "file_name": "dataset5.jpg",
      "license": 0,
      "flickr_url": "",
      "coco_url": "",
      "date_captured": 0
    },
    {
      "id": 6,
      "width": 252,
      "height": 200,
      "file_name": "dataset6.jpg",
      "license": 0,
      "flickr_url": "",
      "coco_url": "",
      "date_captured": 0
    },
    {
      "id": 7,
      "width": 275,
      "height": 183,
      "file_name": "dataset7.jpg",
      "license": 0,
      "flickr_url": "",
      "coco_url": "",
      "date_captured": 0
    },
    {
      "id": 8,
      "width": 275,
      "height": 183,
      "file_name": "dataset8.jpg",
      "license": 0,
      "flickr_url": "",
      "coco_url": "",
      "date_captured": 0
    }
  ],
  "annotations": [
    {
      "id": 1,
      "image_id": 1,
      "category_id": 1,
      "segmentation": [],
      "area": 50974.8892,
      "bbox": [
        307.94,
        148.68,
        330.02,
        154.46
      ],
      "iscrowd": 0,
      "attributes": {
        "occluded": false,
        "rotation": 0.0
      }
    },
    {
      "id": 2,
      "image_id": 2,
      "category_id": 1,
      "segmentation": [],
      "area": 1121.5615999999993,
      "bbox": [
        2.54,
        101.51,
        36.32,
        30.88
      ],
      "iscrowd": 0,
      "attributes": {
        "occluded": false,
        "rotation": 0.0
      }
    },
    {
      "id": 3,
      "image_id": 3,
      "category_id": 1,
      "segmentation": [],
      "area": 5094.0567999999985,
      "bbox": [
        43.61,
        157.24,
        86.87,
        58.64
      ],
      "iscrowd": 0,
      "attributes": {
        "occluded": false,
        "rotation": 0.0
      }
    },
    {
      "id": 4,
      "image_id": 4,
      "category_id": 1,
      "segmentation": [],
      "area": 1994.1728000000007,
      "bbox": [
        47.72,
        105.51,
        38.32,
        52.04
      ],
      "iscrowd": 0,
      "attributes": {
        "occluded": false,
        "rotation": 0.0
      }
    },
    {
      "id": 5,
      "image_id": 5,
      "category_id": 1,
      "segmentation": [],
      "area": 8516.807999999995,
      "bbox": [
        12.43,
        214.86,
        159.85,
        53.28
      ],
      "iscrowd": 0,
      "attributes": {
        "occluded": false,
        "rotation": 0.0
      }
    },
    {
      "id": 6,
      "image_id": 6,
      "category_id": 2,
      "segmentation": [],
      "area": 3812.5,
      "bbox": [
        16.0,
        116.87,
        76.25,
        50.0
      ],
      "iscrowd": 0,
      "attributes": {
        "occluded": false,
        "rotation": 0.0
      }
    },
    {
      "id": 7,
      "image_id": 7,
      "category_id": 2,
      "segmentation": [],
      "area": 3529.7638000000006,
      "bbox": [
        0.52,
        64.96,
        104.99,
        33.62
      ],
      "iscrowd": 0,
      "attributes": {
        "occluded": false,
        "rotation": 0.0
      }
    },
    {
      "id": 8,
      "image_id": 8,
      "category_id": 2,
      "segmentation": [],
      "area": 453.46560000000005,
      "bbox": [
        150.66,
        110.66,
        33.74,
        13.44
      ],
      "iscrowd": 0,
      "attributes": {
        "occluded": false,
        "rotation": 0.0
      }
    }
  ]
}